factor,daily_ic_mean,daily_ic_std,coverage_days
Alpha32,0.009241226361698048,0.1190367927549279,3991
Alpha28,-0.009052540179015528,0.11676207977761333,3997
Alpha19,0.009530071592911906,0.15774574263209687,3747
BOP,0.0047576557606971975,0.18649828706075125,3997
NATR_14,-0.009012213181992315,0.1737393584827879,3983
