{
  "Alpha1": 0.03645833333333337,
  "Alpha2": 0.0,
  "Alpha3": 0.010510387249658913,
  "Alpha4": -5.0,
  "Alpha5": -0.1860387811634349,
  "Alpha6": 0.06267820111006729,
  "Alpha7": -1.0,
  "Alpha8": -0.5053763440860215,
  "Alpha9": -0.0059661865234375,
  "Alpha10": 0.5052631578947369,
  "Alpha11": 0.4266666666666667,
  "Alpha12": 0.0099945068359375,
  "Alpha13": -0.5104166666666666,
  "Alpha14": 0.014650115461043433,
  "Alpha15": -1.4500000000000026,
  "Alpha16": -0.4947916666666667,
  "Alpha17": -0.07112667552227993,
  "Alpha18": -0.5052631578947369,
  "Alpha19": -0.9488636363636369,
  "Alpha20": -0.07542249891493055,
  "Alpha21": -1.0,
  "Alpha22": 0.00021623413090825216,
  "Alpha23": 0.0,
  "Alpha24": -0.5658340454101562,
  "Alpha25": 0.5053763440860215,
  "Alpha26": -0.40147753427347754,
  "Alpha27": 1.0,
  "Alpha28": 0.00027568650712380034,
  "Alpha29": 3.3125,
  "Alpha30": 0.11528114290234327,
  "Alpha31": 0.6147368421052632,
  "Alpha32": 0.005272920154373603,
  "Alpha33": 0.5052631578947369,
  "Alpha34": 0.5052631578947369,
  "Alpha35": 832.0,
  "Alpha36": 2.6708822687728935,
  "Alpha37": 1.0841666666666665,
  "Alpha38": -0.18375,
  "Alpha39": -0.732421875,
  "Alpha40": -0.010438764223616772,
  "Alpha41": 3.1441827182952267,
  "Alpha42": 1.1020408161151187,
  "Alpha43": 32.0,
  "Alpha44": -0.10805462459383217,
  "Alpha45": 0.006562500000000001,
  "Alpha46": 1.0,
  "Alpha47": 0.39623233065126695,
  "Alpha48": 0.0,
  "Alpha49": 0.12864303588867188,
  "Alpha50": -0.6950000000000001,
  "Alpha51": 0.287841796875,
  "Alpha52": -0.07158929651433771,
  "Alpha53": -1.9073413568770903e-05,
  "Alpha54": 29.47609868772326,
  "Alpha55": -0.10230234607548191,
  "Alpha56": -0.193359375,
  "Alpha57": 12.5706198534533,
  "Alpha58": -3.0,
  "Alpha59": -4.0,
  "Alpha60": -0.0002467626494341008,
  "Alpha61": 1.0,
  "Alpha62": -1.0,
  "Alpha63": 0.009999999999999995,
  "Alpha64": -1.0,
  "Alpha65": -1.0,
  "Alpha66": -4.42,
  "Alpha67": -0.7583431133298455,
  "Alpha69": -0.06388117377128366,
  "Alpha70": -0.005277343546126297,
  "Alpha72": 0.9999999998019802,
  "Alpha74": 0.0,
  "Alpha75": 0.0,
  "Alpha78": 0.760327791232535,
  "Alpha79": 0.0,
  "Alpha80": -0.13323767391251926,
  "Alpha81": -1.0,
  "Alpha83": 34.63975442311598,
  "Alpha84": 1.2070157749908255,
  "Alpha85": 0.7771264403306992,
  "Alpha89": -5.0,
  "Alpha90": -0.324951171875,
  "Alpha91": -2.3999999999999995,
  "Alpha93": 8.791208790242724,
  "Alpha94": -0.3047960069444445,
  "Alpha95": 1.0,
  "Alpha97": 3.51,
  "Alpha98": 0.0,
  "Alpha99": 0.0,
  "Alpha100": -0.0005036892419742478,
  "Alpha101": -10.404582638419699,
  "RSI_14": 53.85818141168267,
  "RSI_6": 54.39976037201465,
  "RSI_30": 53.50079656100175,
  "MOM_10": 0.19443702697753906,
  "MOM_20": 0.39335083961486816,
  "ROC_10": 0.7221516886166235,
  "ROC_20": 1.4285816301755183,
  "CCI_14": 28.241736476905633,
  "CCI_20": 32.2204542678338,
  "WILLR_14": -278.61018403270685,
  "MACD": 0.1399636368860797,
  "MACD_SIGNAL": 0.13921289015779525,
  "MACD_HIST": 0.0017761968444926922,
  "BB_UPPER": 42.46615414473912,
  "BB_MIDDLE": 40.69678173065186,
  "BB_LOWER": 38.867644175109554,
  "BB_WIDTH": 0.08339074383234812,
  "SMA_5": 40.67477188110352,
  "SMA_10": 40.68379211425781,
  "SMA_20": 40.69678173065186,
  "SMA_30": 40.70644874572754,
  "EMA_12": 40.69419421146059,
  "EMA_26": 40.71345488029304,
  "WMA_20": 40.77890334356399,
  "DEMA_20": 41.11323119297484,
  "ATR_14": 10.1471995734264,
  "ATR_20": 10.157179290077309,
  "NATR_14": 24.0621130910535,
  "TRANGE": 10.105213165283203,
  "STDDEV_20": 0.8029600664671097,
  "OBV": 153563200.0,
  "AD": -145032376339.06873,
  "ADOSC": -411955838.74520874,
  "MFI_14": 52.844499786758945,
  "MFI_20": 52.744553910085436,
  "VWAP": 48.887943267822266,
  "ADX_14": 22.2562236528693,
  "ADX_20": 18.711288827600878,
  "ADXR_14": 22.54122125882009,
  "AROON_UP": 35.714285714285715,
  "AROON_DOWN": 64.28571428571429,
  "AROONOSC": 28.571428571428573,
  "DX_14": 21.386732761541197,
  "MINUS_DI_14": 2.2440834751214256,
  "PLUS_DI_14": 2.397964406281947,
  "STOCH_K": -179.87123148112394,
  "STOCH_D": -180.8773186023731,
  "STOCHF_K": -178.5961229428903,
  "STOCHF_D": -179.88236941015631,
  "ULTOSC": 0.5141448560249695,
  "APO": 0.14248653711416814,
  "AVGPRICE": 49.862107276916504,
  "MEDPRICE": 52.65999984741211,
  "TYPPRICE": 48.887943267822266,
  "WCLPRICE": 46.94008922576904,
  "BOP": -10.423860470892993,
  "CDL3INSIDE": 0.0,
  "CUSTOM_RS": -0.27905534519182484,
  "CUSTOM_LAR": 0.0005014967280451737,
  "CUSTOM_PMS": 0.00026202357473588465,
  "CUSTOM_VAR": 1.1558540568836573,
  "CUSTOM_PPF": -1.375326239957789
}